<edmx:Edmx xmlns:edmx="http://schemas.microsoft.com/ado/2007/06/edmx"
	xmlns:m="http://schemas.microsoft.com/ado/2007/08/dataservices/metadata" xmlns:sap="http://www.sap.com/Protocols/SAPData" Version="1.0">
	<edmx:DataServices m:DataServiceVersion="2.0">
		<Schema xmlns="http://schemas.microsoft.com/ado/2008/09/edm" Namespace="ZVIN_ALP_INTERAC1_CDS" xml:lang="en" sap:schema-version="1">
			<EntityType Name="ZVIN_ALP_INTERAC1Type" sap:label="Interactive ALP multiple Graphs in sigle page" sap:semantics="aggregate"
				sap:content-version="1">
				<Key><PropertyRef Name="ID"/></Key><Property Name="ID" Type="Edm.String" Nullable="false" sap:filterable="false" sap:updatable="false" sap:sortable="false"/><Property Name="TotaledProperties" Type="Edm.String" sap:aggregation-role="totaled-properties-list" sap:is-annotation="true"
					sap:updatable="false" sap:sortable="false"/><Property Name="VBELN" Type="Edm.String" MaxLength="10" sap:aggregation-role="dimension" sap:creatable="false" sap:updatable="false"
					sap:label="Delivery Number"/><Property Name="WERKS" Type="Edm.String" MaxLength="4" sap:aggregation-role="dimension" sap:creatable="false" sap:updatable="false"
					sap:label="PLANT"/><Property Name="STATUS1" Type="Edm.Decimal" Precision="42" Scale="0" sap:aggregation-role="measure" sap:creatable="false"
					sap:filterable="false" sap:text="STATUS1_F" sap:updatable="false" sap:label="Delivery Number1"/><Property Name="STATUS1_F" Type="Edm.String" MaxLength="60" sap:creatable="false" sap:filterable="false" sap:updatable="false"
					sap:label="Delivery Number1 (Formatted)"/><Property Name="TOTAL" Type="Edm.Decimal" Precision="42" Scale="0" sap:aggregation-role="measure" sap:creatable="false"
					sap:filterable="false" sap:text="TOTAL_F" sap:updatable="false" sap:label="TOTAL"/><Property Name="TOTAL_F" Type="Edm.String" MaxLength="60" sap:creatable="false" sap:filterable="false" sap:updatable="false"
					sap:label="TOTAL (Formatted)"/><Property Name="MENGE" Type="Edm.Decimal" Precision="42" Scale="3" sap:aggregation-role="measure" sap:creatable="false"
					sap:filterable="false" sap:text="MENGE_F" sap:updatable="false" sap:label="Quantity"/><Property Name="MENGE_F" Type="Edm.String" MaxLength="60" sap:creatable="false" sap:filterable="false" sap:updatable="false"
					sap:label="Quantity (Formatted)"/><Property Name="DABMG" Type="Edm.Decimal" Precision="42" Scale="3" sap:aggregation-role="measure" sap:creatable="false"
					sap:filterable="false" sap:text="DABMG_F" sap:updatable="false" sap:label="Qty Recd"/><Property Name="DABMG_F" Type="Edm.String" MaxLength="60" sap:creatable="false" sap:filterable="false" sap:updatable="false"
					sap:label="Qty Recd (Formatted)"/></EntityType>
			<EntityType Name="ODataQueryAdditionalMetadata" sap:content-version="1">
				<Key><PropertyRef Name="ODataQueryMetadata"/></Key><Property Name="ODataQueryMetadata" Type="Edm.String" Nullable="false" sap:creatable="false" sap:updatable="false" sap:sortable="false"
					sap:filterable="false"/><Property Name="ODataQueryMetadataValue_Current" Type="Edm.String" sap:creatable="false" sap:updatable="false" sap:sortable="false"
					sap:filterable="false"/><Property Name="ODataQueryMetadataValueAtDefine" Type="Edm.String" sap:creatable="false" sap:updatable="false" sap:sortable="false"
					sap:filterable="false"/></EntityType>
			<EntityContainer Name="ZVIN_ALP_INTERAC1_CDS_Entities" m:IsDefaultEntityContainer="true" sap:supported-formats="atom json xlsx"><EntitySet Name="ZVIN_ALP_INTERAC1" EntityType="ZVIN_ALP_INTERAC1_CDS.ZVIN_ALP_INTERAC1Type" sap:creatable="false" sap:updatable="false"
				sap:deletable="false" sap:content-version="1"/><EntitySet Name="AdditionalMetadata" EntityType="ZVIN_ALP_INTERAC1_CDS.ODataQueryAdditionalMetadata" sap:creatable="false"
				sap:updatable="false" sap:deletable="false" sap:content-version="1"/></EntityContainer><atom:link xmlns:atom="http://www.w3.org/2005/Atom" rel="self" href="./sap/ZVIN_ALP_INTERAC1_CDS/$metadata"/><atom:link xmlns:atom="http://www.w3.org/2005/Atom" rel="latest-version" href="./sap/ZVIN_ALP_INTERAC1_CDS/$metadata"/></Schema>
	</edmx:DataServices>
</edmx:Edmx>