<edmx:Edmx xmlns:edmx="http://docs.oasis-open.org/odata/ns/edmx" Version="4.0">
	<edmx:Reference Uri="../../catalogservice;v=2/Vocabularies(TechnicalName='%2FIWBEP%2FVOC_COMMON',Version='0001',SAP__Origin='LOCAL')/$value"><edmx:Include Namespace="com.sap.vocabularies.Common.v1" Alias="Common"/></edmx:Reference>
	<edmx:Reference Uri="../../catalogservice;v=2/Vocabularies(TechnicalName='%2FIWBEP%2FVOC_UI',Version='0001',SAP__Origin='LOCAL')/$value"><edmx:Include Namespace="com.sap.vocabularies.UI.v1" Alias="UI"/></edmx:Reference>
	<edmx:Reference
		Uri="../../catalogservice;v=2/Vocabularies(TechnicalName='%2FIWBEP%2FVOC_COMMUNICATION',Version='0001',SAP__Origin='LOCAL')/$value"><edmx:Include Namespace="com.sap.vocabularies.Communication.v1" Alias="Communication"/></edmx:Reference>
	<edmx:Reference Uri="../../../sap/zvin_alp_interac1_cds/$metadata"><edmx:Include Namespace="ZVIN_ALP_INTERAC1_CDS" Alias="SAP"/></edmx:Reference>
	<edmx:DataServices>
		<Schema xmlns="http://docs.oasis-open.org/odata/ns/edm" Namespace="zvin_alp_interac1_cds_van.v1">
			<Annotations Target="ZVIN_ALP_INTERAC1_CDS.ZVIN_ALP_INTERAC1Type/TotaledProperties"><Annotation Term="UI.Hidden"/></Annotations>
			<Annotations Target="ZVIN_ALP_INTERAC1_CDS.ZVIN_ALP_INTERAC1Type">
				<Annotation Term="UI.Chart" Qualifier="ChartWeightByCountry">
					<Record Type="UI.ChartDefinitionType"><PropertyValue Property="ChartType" EnumMember="UI.ChartType/Column"/>
						<PropertyValue Property="Dimensions">
							<Collection>
								<PropertyPath>WERKS</PropertyPath>
							</Collection>
						</PropertyValue>
						<PropertyValue Property="DimensionAttributes">
							<Collection>
								<Record Type="UI.ChartDimensionAttributeType"><PropertyValue Property="Dimension" String="UI.CHART.DIMENSIONS: Dimension must also be part of the Dimensions Property"/><PropertyValue Property="Role" EnumMember="UI.ChartDimensionRoleType/Category"/></Record>
							</Collection>
						</PropertyValue>
						<PropertyValue Property="Measures">
							<Collection>
								<PropertyPath>STATUS1</PropertyPath>
								<PropertyPath>TOTAL</PropertyPath>
							</Collection>
						</PropertyValue>
						<PropertyValue Property="MeasureAttributes">
							<Collection>
								<Record Type="UI.ChartMeasureAttributeType"><PropertyValue Property="Measure" String="UI.CHART.MEASURES: Measure WERKS must also be part of the Measure Property"/><PropertyValue Property="Role" EnumMember="UI.ChartMeasureRoleType/Axis1"/></Record>
							</Collection>
						</PropertyValue>
					</Record>
				</Annotation>
				<Annotation Term="UI.DataPoint" Qualifier="DABMG">
					<Record><PropertyValue Property="Value" Path="DABMG"/><PropertyValue Property="Title" String="Qty Recd"/></Record>
				</Annotation>
				<Annotation Term="UI.DataPoint" Qualifier="MENGE">
					<Record><PropertyValue Property="Value" Path="MENGE"/><PropertyValue Property="Title" String="Quantity"/></Record>
				</Annotation>
				<Annotation Term="UI.LineItem">
					<Collection>
						<Record Type="UI.DataField"><PropertyValue Property="Value" Path="VBELN"/></Record>
						<Record Type="UI.DataField"><PropertyValue Property="Value" Path="TOTAL"/></Record>
						<Record Type="UI.DataField"><PropertyValue Property="Value" Path="DABMG"/></Record>
						<Record Type="UI.DataField"><PropertyValue Property="Value" Path="MENGE"/></Record>
					</Collection>
				</Annotation>
				<Annotation Term="UI.PresentationVariant" Qualifier="KPIWeightByCountry">
					<Record><PropertyValue Property="Text" String="KPI: Weight of Luggage per Country"/>
						<PropertyValue Property="Visualizations">
							<Collection>
								<AnnotationPath>@UI.DataPoint#WeightOfLuggage</AnnotationPath>
								<AnnotationPath>@UI.Chart#ChartWeightByCountry</AnnotationPath>
							</Collection>
						</PropertyValue>
					</Record>
				</Annotation>
				<Annotation Term="UI.SelectionFields">
					<Collection>
						<PropertyPath>WERKS</PropertyPath>
					</Collection>
				</Annotation>
				<Annotation Term="UI.SelectionPresentationVariant" Qualifier="KPIWeightByCountry">
					<Record><PropertyValue Property="Text" String=""/><PropertyValue Property="SelectionVariant" Path="@UI.SelectionVariant#KPIWeightByCountry"/><PropertyValue Property="PresentationVariant" Path="@UI.PresentationVariant#KPIWeightByCountry"/></Record>
				</Annotation>
				<Annotation Term="UI.SelectionVariant" Qualifier="KPIWeightByCountry">
					<Record><PropertyValue Property="Text" String="KPI Weight By Country"/></Record>
				</Annotation>
			</Annotations>
		</Schema>
	</edmx:DataServices>
</edmx:Edmx>