<?xml version="1.0" encoding="utf-8"?>
<edmx:Edmx xmlns:edmx="http://docs.oasis-open.org/odata/ns/edmx" Version="4.0">
	<edmx:Reference Uri="/sap/bc/ui5_ui5/ui2/ushell/resources/sap/ushell/components/factsheet/vocabularies/UI.xml">
		<edmx:Include Alias="UI" Namespace="com.sap.vocabularies.UI.v1"/>
	</edmx:Reference>
	<edmx:Reference Uri="/sap/opu/odata/sap/ZVIN_ALP_INTERAC1_CDS/$metadata">
		<edmx:Include Alias="ZVIN_ALP_INTERAC1_CDS" Namespace="ZVIN_ALP_INTERAC1_CDS"/>
	</edmx:Reference>
	<edmx:Reference Uri="https://wiki.scn.sap.com/wiki/download/attachments/448470974/Common.xml?api=v2">
		<edmx:Include Alias="Common" Namespace="com.sap.vocabularies.Common.v1"/>
	</edmx:Reference>
	<edmx:DataServices>
		<Schema xmlns="http://docs.oasis-open.org/odata/ns/edm" Namespace="ZASN.ZASN.ZVIN_ALP_INTERAC1_CDS">
			<!--===============================================================================
                Entity Type from chosen collection 
                ================================================================================-->
			<!--===============================================================================
                    Entity Type from chosen navigation property
                    ================================================================================-->
			<Annotations Target="ZVIN_ALP_INTERAC1_CDS.ZVIN_ALP_INTERAC1Type">
				<Annotation Term="UI.Facets">
					<Collection>
						<Record Type="UI.CollectionFacet">
							<PropertyValue Property="ID" String="GeneralInformation"/>
							<PropertyValue Property="Label" String="{@i18n&gt;@GeneralInfoFacetLabel}"/>
							<PropertyValue Property="Facets">
								<Collection>
									<Record Type="UI.ReferenceFacet">
										<PropertyValue Property="Label" String="{@i18n&gt;@GeneralInfoFacetLabel}"/>
										<PropertyValue Property="Target" AnnotationPath="@UI.LineItem"/>
									</Record>
								</Collection>
							</PropertyValue>
						</Record>
					</Collection>
				</Annotation>
			</Annotations>
			<Annotations Target="">
				<Annotation Term="UI.Facets">
					<Collection>
						<Record Type="UI.CollectionFacet">
							<PropertyValue Property="ID" String="GeneralInformation"/>
							<PropertyValue Property="Label" String="{@i18n&gt;@GeneralInfoFacetLabel}"/>
							<PropertyValue Property="Facets">
								<Collection>
									<Record Type="UI.ReferenceFacet">
										<PropertyValue Property="Label" String="{@i18n&gt;@GeneralInfoFacetLabel}"/>
										<PropertyValue Property="Target" AnnotationPath="@UI.Identification"/>
									</Record>
								</Collection>
							</PropertyValue>
						</Record>
					</Collection>
				</Annotation>
			</Annotations>
			<Annotations Target="ZVIN_ALP_INTERAC1_CDS.ZVIN_ALP_INTERAC1Type/WERKS">
				<Annotation Term="Common.ValueList">
					<Record Type="Common.ValueListType">
						<PropertyValue Property="CollectionPath" String="ZVIN_ALP_INTERAC1"/>
						<PropertyValue Property="Parameters">
							<Collection/>
						</PropertyValue>
						<PropertyValue Property="PresentationVariantQualifier" String="FilterBookingsByYear"/>
					</Record>
				</Annotation>
			</Annotations>
		</Schema>
	</edmx:DataServices>
</edmx:Edmx>